Empresa,Precio,Volumen,Cambio_Valor,Cambio_Porcentaje,fecha,hora
Nike Inc,65.58,"60,281",-0.16,0.24,2025-03-27,17:35:23
Coca-Cola Company The,70.0,"25,395",-0.02,0.03,2025-03-27,17:35:23
Microsoft Corporation,390.21,"229,055",0.24,0.06,2025-03-27,17:35:23
American Express Co,275.5,"2,930",-0.5,0.18,2025-03-27,17:35:23
Amgen Inc,305.71,"1,908",-1.15,0.37,2025-03-27,17:35:23
Apple Inc,221.32,"165,216",-0.21,0.09,2025-03-27,17:35:23
Boeing Company The,178.29,"31,514",-0.26,0.15,2025-03-27,17:35:23
Cisco Systems Inc,61.87,"20,133",0.07,0.11,2025-03-27,17:35:23
Goldman Sachs Group Inc The,571.0,"9,125",-2.92,0.51,2025-03-27,17:35:23
International Business Machines Corp,250.0,"9,482",-0.34,0.14,2025-03-27,17:35:23
Intel Corporation,23.29,"739,968",-0.13,0.56,2025-03-27,17:35:23
JPMorgan Chase & Co,250.21,"17,480",-0.82,0.33,2025-03-27,17:35:23
McDonald's Corp,315.2,"4,706",1.62,0.52,2025-03-27,17:35:23
Salesforcecom Inc,280.1,"4,426",-0.89,0.32,2025-03-27,17:35:23
Verizon Communications Inc,44.34,"22,011",0.16,0.36,2025-03-27,17:35:23
Visa Inc,344.06,"3,899",-0.12,0.03,2025-03-27,17:35:23
Walmart Inc,84.81,"42,238",-0.4,0.47,2025-03-27,17:35:23
Walt Disney Company The,100.45,"11,556",-0.33,0.33,2025-03-27,17:35:23
Nike Inc,65.58,"60,281",-0.16,0.24,2025-03-27,17:58:22
Coca-Cola Company The,70.0,"25,395",-0.02,0.03,2025-03-27,17:58:22
Microsoft Corporation,390.21,"229,055",0.24,0.06,2025-03-27,17:58:22
American Express Co,275.5,"2,930",-0.5,0.18,2025-03-27,17:58:22
Amgen Inc,305.71,"1,908",-1.15,0.37,2025-03-27,17:58:22
Apple Inc,221.32,"165,216",-0.21,0.09,2025-03-27,17:58:22
Boeing Company The,178.29,"31,514",-0.26,0.15,2025-03-27,17:58:22
Cisco Systems Inc,61.87,"20,133",0.07,0.11,2025-03-27,17:58:22
Goldman Sachs Group Inc The,571.0,"9,125",-2.92,0.51,2025-03-27,17:58:22
International Business Machines Corp,250.0,"9,482",-0.34,0.14,2025-03-27,17:58:22
Intel Corporation,23.29,"739,968",-0.13,0.56,2025-03-27,17:58:22
JPMorgan Chase & Co,250.21,"17,480",-0.82,0.33,2025-03-27,17:58:22
McDonald's Corp,315.2,"4,706",1.62,0.52,2025-03-27,17:58:22
Salesforcecom Inc,280.1,"4,426",-0.89,0.32,2025-03-27,17:58:22
Verizon Communications Inc,44.34,"22,011",0.16,0.36,2025-03-27,17:58:22
Visa Inc,344.06,"3,899",-0.12,0.03,2025-03-27,17:58:22
Walmart Inc,84.81,"42,238",-0.4,0.47,2025-03-27,17:58:22
Walt Disney Company The,100.45,"11,556",-0.33,0.33,2025-03-27,17:58:22
Nike Inc,65.58,"60,281",-0.16,0.24,2025-03-27,21:28:14
Coca-Cola Company The,70.0,"25,395",-0.02,0.03,2025-03-27,21:28:14
Microsoft Corporation,390.21,"229,055",0.24,0.06,2025-03-27,21:28:14
American Express Co,275.5,"2,930",-0.5,0.18,2025-03-27,21:28:14
Amgen Inc,305.71,"1,908",-1.15,0.37,2025-03-27,21:28:14
Apple Inc,221.32,"165,216",-0.21,0.09,2025-03-27,21:28:14
Boeing Company The,178.29,"31,514",-0.26,0.15,2025-03-27,21:28:14
Cisco Systems Inc,61.87,"20,133",0.07,0.11,2025-03-27,21:28:14
Goldman Sachs Group Inc The,571.0,"9,125",-2.92,0.51,2025-03-27,21:28:14
International Business Machines Corp,250.0,"9,482",-0.34,0.14,2025-03-27,21:28:14
Intel Corporation,23.29,"739,968",-0.13,0.56,2025-03-27,21:28:14
JPMorgan Chase & Co,250.21,"17,480",-0.82,0.33,2025-03-27,21:28:14
McDonald's Corp,315.2,"4,706",1.62,0.52,2025-03-27,21:28:14
Salesforcecom Inc,280.1,"4,426",-0.89,0.32,2025-03-27,21:28:14
Verizon Communications Inc,44.34,"22,011",0.16,0.36,2025-03-27,21:28:14
Visa Inc,344.06,"3,899",-0.12,0.03,2025-03-27,21:28:14
Walmart Inc,84.81,"42,238",-0.4,0.47,2025-03-27,21:28:14
Walt Disney Company The,100.45,"11,556",-0.33,0.33,2025-03-27,21:28:14
Nike Inc,65.58,"60,281",-0.16,0.24,2025-03-27,21:58:26
Coca-Cola Company The,70.0,"25,395",-0.02,0.03,2025-03-27,21:58:26
Microsoft Corporation,390.21,"229,055",0.24,0.06,2025-03-27,21:58:26
American Express Co,275.5,"2,930",-0.5,0.18,2025-03-27,21:58:26
Amgen Inc,305.71,"1,908",-1.15,0.37,2025-03-27,21:58:26
Apple Inc,221.32,"165,216",-0.21,0.09,2025-03-27,21:58:26
Boeing Company The,178.29,"31,514",-0.26,0.15,2025-03-27,21:58:26
Cisco Systems Inc,61.87,"20,133",0.07,0.11,2025-03-27,21:58:26
Goldman Sachs Group Inc The,571.0,"9,125",-2.92,0.51,2025-03-27,21:58:26
International Business Machines Corp,250.0,"9,482",-0.34,0.14,2025-03-27,21:58:26
Intel Corporation,23.29,"739,968",-0.13,0.56,2025-03-27,21:58:26
JPMorgan Chase & Co,250.21,"17,480",-0.82,0.33,2025-03-27,21:58:26
McDonald's Corp,315.2,"4,706",1.62,0.52,2025-03-27,21:58:26
Salesforcecom Inc,280.1,"4,426",-0.89,0.32,2025-03-27,21:58:26
Verizon Communications Inc,44.34,"22,011",0.16,0.36,2025-03-27,21:58:26
Visa Inc,344.06,"3,899",-0.12,0.03,2025-03-27,21:58:26
Walmart Inc,84.81,"42,238",-0.4,0.47,2025-03-27,21:58:26
Walt Disney Company The,100.45,"11,556",-0.33,0.33,2025-03-27,21:58:26
Nike Inc,65.9,"337,882",0.1,0.15,2025-03-28,15:31:18
Coca-Cola Company The,70.8,"354,876",0.06,0.08,2025-03-28,15:31:18
Microsoft Corporation,389.29,"126,444",-1.29,0.33,2025-03-28,15:31:18
American Express Co,270.8,"1,704",-1.22,0.45,2025-03-28,15:31:18
Amgen Inc,305.0,664,-0.77,0.25,2025-03-28,15:31:18
Apple Inc,222.19,"309,651",-1.66,0.74,2025-03-28,15:31:18
Boeing Company The,178.23,"25,607",-0.88,0.49,2025-03-28,15:31:18
Cisco Systems Inc,61.72,"115,632",0.32,0.52,2025-03-28,15:31:18
Goldman Sachs Group Inc The,556.0,"149,546",-2.92,0.52,2025-03-28,15:31:18
International Business Machines Corp,246.2,"3,318",-0.01,0.0,2025-03-28,15:31:18
Intel Corporation,23.54,"1,415,725",-0.08,0.34,2025-03-28,15:31:18
JPMorgan Chase & Co,247.0,"411,813",-1.12,0.45,2025-03-28,15:31:18
McDonald's Corp,310.57,"63,038",-2.12,0.68,2025-03-28,15:31:18
Salesforcecom Inc,276.5,"4,195",-1.31,0.47,2025-03-28,15:31:18
Verizon Communications Inc,45.1,"425,796",0.14,0.31,2025-03-28,15:31:18
Visa Inc,349.21,"3,725",-0.65,0.19,2025-03-28,15:31:18
Walmart Inc,85.4,"674,488",-0.23,0.27,2025-03-28,15:31:18
Walt Disney Company The,100.31,"7,067",-0.14,0.14,2025-03-28,15:31:18
Nike Inc,65.9,"337,882",0.1,0.15,2025-03-28,17:58:24
Coca-Cola Company The,70.8,"354,876",0.06,0.08,2025-03-28,17:58:24
Microsoft Corporation,389.29,"126,444",-1.29,0.33,2025-03-28,17:58:24
American Express Co,270.8,"1,704",-1.22,0.45,2025-03-28,17:58:24
Amgen Inc,305.0,664,-0.77,0.25,2025-03-28,17:58:24
Apple Inc,222.19,"309,651",-1.66,0.74,2025-03-28,17:58:24
Boeing Company The,178.23,"25,607",-0.88,0.49,2025-03-28,17:58:24
Cisco Systems Inc,61.72,"115,632",0.32,0.52,2025-03-28,17:58:24
Goldman Sachs Group Inc The,556.0,"149,546",-2.92,0.52,2025-03-28,17:58:24
International Business Machines Corp,246.2,"3,318",-0.01,0.0,2025-03-28,17:58:24
Intel Corporation,23.54,"1,415,725",-0.08,0.34,2025-03-28,17:58:24
JPMorgan Chase & Co,247.0,"411,813",-1.12,0.45,2025-03-28,17:58:24
McDonald's Corp,310.57,"63,038",-2.12,0.68,2025-03-28,17:58:24
Salesforcecom Inc,276.5,"4,195",-1.31,0.47,2025-03-28,17:58:24
Verizon Communications Inc,45.1,"425,796",0.14,0.31,2025-03-28,17:58:24
Visa Inc,349.21,"3,725",-0.65,0.19,2025-03-28,17:58:24
Walmart Inc,85.4,"674,488",-0.23,0.27,2025-03-28,17:58:24
Walt Disney Company The,100.31,"7,067",-0.14,0.14,2025-03-28,17:58:24
Nike Inc,65.9,"337,882",0.1,0.15,2025-03-28,21:28:19
Coca-Cola Company The,70.8,"354,876",0.06,0.08,2025-03-28,21:28:19
Microsoft Corporation,389.29,"126,444",-1.29,0.33,2025-03-28,21:28:19
American Express Co,270.8,"1,704",-1.22,0.45,2025-03-28,21:28:19
Amgen Inc,305.0,664,-0.77,0.25,2025-03-28,21:28:19
Apple Inc,222.19,"309,651",-1.66,0.74,2025-03-28,21:28:19
Boeing Company The,178.23,"25,607",-0.88,0.49,2025-03-28,21:28:19
Cisco Systems Inc,61.72,"115,632",0.32,0.52,2025-03-28,21:28:19
Goldman Sachs Group Inc The,556.0,"149,546",-2.92,0.52,2025-03-28,21:28:19
International Business Machines Corp,246.2,"3,318",-0.01,0.0,2025-03-28,21:28:19
Intel Corporation,23.54,"1,415,725",-0.08,0.34,2025-03-28,21:28:19
JPMorgan Chase & Co,247.0,"411,813",-1.12,0.45,2025-03-28,21:28:19
McDonald's Corp,310.57,"63,038",-2.12,0.68,2025-03-28,21:28:19
Salesforcecom Inc,276.5,"4,195",-1.31,0.47,2025-03-28,21:28:19
Verizon Communications Inc,45.1,"425,796",0.14,0.31,2025-03-28,21:28:19
Visa Inc,349.21,"3,725",-0.65,0.19,2025-03-28,21:28:19
Walmart Inc,85.4,"674,488",-0.23,0.27,2025-03-28,21:28:19
Walt Disney Company The,100.31,"7,067",-0.14,0.14,2025-03-28,21:28:19
Nike Inc,65.9,"337,882",0.1,0.15,2025-03-28,21:58:15
Coca-Cola Company The,70.8,"354,876",0.06,0.08,2025-03-28,21:58:15
Microsoft Corporation,389.29,"126,444",-1.29,0.33,2025-03-28,21:58:15
American Express Co,270.8,"1,704",-1.22,0.45,2025-03-28,21:58:15
Amgen Inc,305.0,664,-0.77,0.25,2025-03-28,21:58:15
Apple Inc,222.19,"309,651",-1.66,0.74,2025-03-28,21:58:15
Boeing Company The,178.23,"25,607",-0.88,0.49,2025-03-28,21:58:15
Cisco Systems Inc,61.72,"115,632",0.32,0.52,2025-03-28,21:58:15
Goldman Sachs Group Inc The,556.0,"149,546",-2.92,0.52,2025-03-28,21:58:15
International Business Machines Corp,246.2,"3,318",-0.01,0.0,2025-03-28,21:58:15
Intel Corporation,23.54,"1,415,725",-0.08,0.34,2025-03-28,21:58:15
JPMorgan Chase & Co,247.0,"411,813",-1.12,0.45,2025-03-28,21:58:15
McDonald's Corp,310.57,"63,038",-2.12,0.68,2025-03-28,21:58:15
Salesforcecom Inc,276.5,"4,195",-1.31,0.47,2025-03-28,21:58:15
Verizon Communications Inc,45.1,"425,796",0.14,0.31,2025-03-28,21:58:15
Visa Inc,349.21,"3,725",-0.65,0.19,2025-03-28,21:58:15
Walmart Inc,85.4,"674,488",-0.23,0.27,2025-03-28,21:58:15
Walt Disney Company The,100.31,"7,067",-0.14,0.14,2025-03-28,21:58:15
Nike Inc,63.76,"137,340",0.28,0.44,2025-04-01,15:31:25
Coca-Cola Company The,71.77,"60,148",0.15,0.21,2025-04-01,15:31:25
Microsoft Corporation,374.48,"171,725",-0.91,0.24,2025-04-01,15:31:25
American Express Co,269.05,"4,830",3.57,1.34,2025-04-01,15:31:25
Amgen Inc,309.56,"5,972",-1.99,0.64,2025-04-01,15:31:25
Apple Inc,220.3,"612,896",-1.83,0.82,2025-04-01,15:31:25
Boeing Company The,169.68,"80,939",-0.87,0.51,2025-04-01,15:31:25
Cisco Systems Inc,61.6,"31,486",-0.11,0.18,2025-04-01,15:31:25
Goldman Sachs Group Inc The,543.94,"52,091",-2.35,0.43,2025-04-01,15:31:25
International Business Machines Corp,247.08,"19,391",-1.58,0.64,2025-04-01,15:31:25
Intel Corporation,22.51,"1,372,437",-0.2,0.88,2025-04-01,15:31:25
JPMorgan Chase & Co,243.98,"18,554",-1.32,0.54,2025-04-01,15:31:25
McDonald's Corp,312.0,"9,428",-0.37,0.12,2025-04-01,15:31:25
Salesforcecom Inc,266.98,"53,182",-1.38,0.51,2025-04-01,15:31:25
Verizon Communications Inc,45.4,"129,797",0.04,0.09,2025-04-01,15:31:25
Visa Inc,349.05,"12,280",-1.41,0.4,2025-04-01,15:31:25
Walmart Inc,87.52,"78,567",-0.27,0.31,2025-04-01,15:31:25
Walt Disney Company The,98.41,"325,510",-0.29,0.29,2025-04-01,15:31:25
Nike Inc,63.76,"137,340",0.28,0.44,2025-04-01,17:58:21
Coca-Cola Company The,71.77,"60,148",0.15,0.21,2025-04-01,17:58:21
Microsoft Corporation,374.48,"171,725",-0.91,0.24,2025-04-01,17:58:21
American Express Co,269.05,"4,830",3.57,1.34,2025-04-01,17:58:21
Amgen Inc,309.56,"5,972",-1.99,0.64,2025-04-01,17:58:21
Apple Inc,220.3,"612,896",-1.83,0.82,2025-04-01,17:58:21
Boeing Company The,169.68,"80,939",-0.87,0.51,2025-04-01,17:58:21
Cisco Systems Inc,61.6,"31,486",-0.11,0.18,2025-04-01,17:58:21
Goldman Sachs Group Inc The,543.94,"52,091",-2.35,0.43,2025-04-01,17:58:21
International Business Machines Corp,247.08,"19,391",-1.58,0.64,2025-04-01,17:58:21
Intel Corporation,22.51,"1,372,437",-0.2,0.88,2025-04-01,17:58:21
JPMorgan Chase & Co,243.98,"18,554",-1.32,0.54,2025-04-01,17:58:21
McDonald's Corp,312.0,"9,428",-0.37,0.12,2025-04-01,17:58:21
Salesforcecom Inc,266.98,"53,182",-1.38,0.51,2025-04-01,17:58:21
Verizon Communications Inc,45.4,"129,797",0.04,0.09,2025-04-01,17:58:21
Visa Inc,349.05,"12,280",-1.41,0.4,2025-04-01,17:58:21
Walmart Inc,87.52,"78,567",-0.27,0.31,2025-04-01,17:58:21
Walt Disney Company The,98.41,"325,510",-0.29,0.29,2025-04-01,17:58:21
Nike Inc,63.76,"137,340",0.28,0.44,2025-04-01,21:28:22
Coca-Cola Company The,71.77,"60,148",0.15,0.21,2025-04-01,21:28:22
Microsoft Corporation,374.48,"171,725",-0.91,0.24,2025-04-01,21:28:22
American Express Co,269.05,"4,830",3.57,1.34,2025-04-01,21:28:22
Amgen Inc,309.56,"5,972",-1.99,0.64,2025-04-01,21:28:22
Apple Inc,220.3,"612,896",-1.83,0.82,2025-04-01,21:28:22
Boeing Company The,169.68,"80,939",-0.87,0.51,2025-04-01,21:28:22
Cisco Systems Inc,61.6,"31,486",-0.11,0.18,2025-04-01,21:28:22
Goldman Sachs Group Inc The,543.94,"52,091",-2.35,0.43,2025-04-01,21:28:22
International Business Machines Corp,247.08,"19,391",-1.58,0.64,2025-04-01,21:28:22
Intel Corporation,22.51,"1,372,437",-0.2,0.88,2025-04-01,21:28:22
JPMorgan Chase & Co,243.98,"18,554",-1.32,0.54,2025-04-01,21:28:22
McDonald's Corp,312.0,"9,428",-0.37,0.12,2025-04-01,21:28:22
Salesforcecom Inc,266.98,"53,182",-1.38,0.51,2025-04-01,21:28:22
Verizon Communications Inc,45.4,"129,797",0.04,0.09,2025-04-01,21:28:22
Visa Inc,349.05,"12,280",-1.41,0.4,2025-04-01,21:28:22
Walmart Inc,87.52,"78,567",-0.27,0.31,2025-04-01,21:28:22
Walt Disney Company The,98.41,"325,510",-0.29,0.29,2025-04-01,21:28:22
Nike Inc,63.76,"137,340",0.28,0.44,2025-04-01,21:58:17
Coca-Cola Company The,71.77,"60,148",0.15,0.21,2025-04-01,21:58:17
Microsoft Corporation,374.48,"171,725",-0.91,0.24,2025-04-01,21:58:17
American Express Co,269.05,"4,830",3.57,1.34,2025-04-01,21:58:17
Amgen Inc,309.56,"5,972",-1.99,0.64,2025-04-01,21:58:17
Apple Inc,220.3,"612,896",-1.83,0.82,2025-04-01,21:58:17
Boeing Company The,169.68,"80,939",-0.87,0.51,2025-04-01,21:58:17
Cisco Systems Inc,61.6,"31,486",-0.11,0.18,2025-04-01,21:58:17
Goldman Sachs Group Inc The,543.94,"52,091",-2.35,0.43,2025-04-01,21:58:17
International Business Machines Corp,247.08,"19,391",-1.58,0.64,2025-04-01,21:58:17
Intel Corporation,22.51,"1,372,437",-0.2,0.88,2025-04-01,21:58:17
JPMorgan Chase & Co,243.98,"18,554",-1.32,0.54,2025-04-01,21:58:17
McDonald's Corp,312.0,"9,428",-0.37,0.12,2025-04-01,21:58:17
Salesforcecom Inc,266.98,"53,182",-1.38,0.51,2025-04-01,21:58:17
Verizon Communications Inc,45.4,"129,797",0.04,0.09,2025-04-01,21:58:17
Visa Inc,349.05,"12,280",-1.41,0.4,2025-04-01,21:58:17
Walmart Inc,87.52,"78,567",-0.27,0.31,2025-04-01,21:58:17
Walt Disney Company The,98.41,"325,510",-0.29,0.29,2025-04-01,21:58:17
Nike Inc,64.21,"55,816",-0.55,0.85,2025-04-02,15:31:28
Coca-Cola Company The,72.06,"38,562",0.19,0.26,2025-04-02,15:31:28
Microsoft Corporation,378.25,"129,132",-3.94,1.03,2025-04-02,15:31:28
American Express Co,268.35,"5,417",-2.13,0.79,2025-04-02,15:31:28
Amgen Inc,306.92,"1,594",-4.63,1.49,2025-04-02,15:31:28
Apple Inc,221.36,"299,186",-1.83,0.82,2025-04-02,15:31:28
Boeing Company The,166.3,"27,423",-1.87,1.11,2025-04-02,15:31:28
Cisco Systems Inc,61.42,"8,338",-0.38,0.61,2025-04-02,15:31:28
Goldman Sachs Group Inc The,542.0,"3,175",-6.45,1.18,2025-04-02,15:31:28
International Business Machines Corp,248.65,"6,198",-1.69,0.68,2025-04-02,15:31:28
Intel Corporation,21.68,"652,334",-0.37,1.68,2025-04-02,15:31:28
JPMorgan Chase & Co,241.04,"15,138",-2.62,1.08,2025-04-02,15:31:28
McDonald's Corp,313.16,"1,277",-0.47,0.15,2025-04-02,15:31:28
Salesforcecom Inc,265.7,"22,180",-4.5,1.67,2025-04-02,15:31:28
Verizon Communications Inc,45.5,"1,672,269",0.12,0.26,2025-04-02,15:31:28
Visa Inc,344.5,"11,219",-1.85,0.53,2025-04-02,15:31:28
Walmart Inc,88.32,"400,959",-0.51,0.57,2025-04-02,15:31:28
Walt Disney Company The,96.78,"11,754",-0.9,0.92,2025-04-02,15:31:28
Nike Inc,64.21,"55,816",-0.55,0.85,2025-04-02,17:58:27
Coca-Cola Company The,72.06,"38,562",0.19,0.26,2025-04-02,17:58:27
Microsoft Corporation,378.25,"129,132",-3.94,1.03,2025-04-02,17:58:27
American Express Co,268.35,"5,417",-2.13,0.79,2025-04-02,17:58:27
Amgen Inc,306.92,"1,594",-4.63,1.49,2025-04-02,17:58:27
Apple Inc,221.36,"299,186",-1.83,0.82,2025-04-02,17:58:27
Boeing Company The,166.3,"27,423",-1.87,1.11,2025-04-02,17:58:27
Cisco Systems Inc,61.42,"8,338",-0.38,0.61,2025-04-02,17:58:27
Goldman Sachs Group Inc The,542.0,"3,175",-6.45,1.18,2025-04-02,17:58:27
International Business Machines Corp,248.65,"6,198",-1.69,0.68,2025-04-02,17:58:27
Intel Corporation,21.68,"652,334",-0.37,1.68,2025-04-02,17:58:27
JPMorgan Chase & Co,241.04,"15,138",-2.62,1.08,2025-04-02,17:58:27
McDonald's Corp,313.16,"1,277",-0.47,0.15,2025-04-02,17:58:27
Salesforcecom Inc,265.7,"22,180",-4.5,1.67,2025-04-02,17:58:27
Verizon Communications Inc,45.5,"1,672,269",0.12,0.26,2025-04-02,17:58:27
Visa Inc,344.5,"11,219",-1.85,0.53,2025-04-02,17:58:27
Walmart Inc,88.32,"400,959",-0.51,0.57,2025-04-02,17:58:27
Walt Disney Company The,96.78,"11,754",-0.9,0.92,2025-04-02,17:58:27
Nike Inc,64.21,"55,816",-0.55,0.85,2025-04-02,21:29:16
Coca-Cola Company The,72.06,"38,562",0.19,0.26,2025-04-02,21:29:16
Microsoft Corporation,378.25,"129,132",-3.94,1.03,2025-04-02,21:29:16
American Express Co,268.35,"5,417",-2.13,0.79,2025-04-02,21:29:16
Amgen Inc,306.92,"1,594",-4.63,1.49,2025-04-02,21:29:16
Apple Inc,221.36,"299,186",-1.83,0.82,2025-04-02,21:29:16
Boeing Company The,166.3,"27,423",-1.87,1.11,2025-04-02,21:29:16
Cisco Systems Inc,61.42,"8,338",-0.38,0.61,2025-04-02,21:29:16
Goldman Sachs Group Inc The,542.0,"3,175",-6.45,1.18,2025-04-02,21:29:16
International Business Machines Corp,248.65,"6,198",-1.69,0.68,2025-04-02,21:29:16
Intel Corporation,21.68,"652,334",-0.37,1.68,2025-04-02,21:29:16
JPMorgan Chase & Co,241.04,"15,138",-2.62,1.08,2025-04-02,21:29:16
McDonald's Corp,313.16,"1,277",-0.47,0.15,2025-04-02,21:29:16
Salesforcecom Inc,265.7,"22,180",-4.5,1.67,2025-04-02,21:29:16
Verizon Communications Inc,45.5,"1,672,269",0.12,0.26,2025-04-02,21:29:16
Visa Inc,344.5,"11,219",-1.85,0.53,2025-04-02,21:29:16
Walmart Inc,88.32,"400,959",-0.51,0.57,2025-04-02,21:29:16
Walt Disney Company The,96.78,"11,754",-0.9,0.92,2025-04-02,21:29:16
Nike Inc,64.21,"55,816",-0.55,0.85,2025-04-02,21:58:19
Coca-Cola Company The,72.06,"38,562",0.19,0.26,2025-04-02,21:58:19
Microsoft Corporation,378.25,"129,132",-3.94,1.03,2025-04-02,21:58:19
American Express Co,268.35,"5,417",-2.13,0.79,2025-04-02,21:58:19
Amgen Inc,306.92,"1,594",-4.63,1.49,2025-04-02,21:58:19
Apple Inc,221.36,"299,186",-1.83,0.82,2025-04-02,21:58:19
Boeing Company The,166.3,"27,423",-1.87,1.11,2025-04-02,21:58:19
Cisco Systems Inc,61.42,"8,338",-0.38,0.61,2025-04-02,21:58:19
Goldman Sachs Group Inc The,542.0,"3,175",-6.45,1.18,2025-04-02,21:58:19
International Business Machines Corp,248.65,"6,198",-1.69,0.68,2025-04-02,21:58:19
Intel Corporation,21.68,"652,334",-0.37,1.68,2025-04-02,21:58:19
JPMorgan Chase & Co,241.04,"15,138",-2.62,1.08,2025-04-02,21:58:19
McDonald's Corp,313.16,"1,277",-0.47,0.15,2025-04-02,21:58:19
Salesforcecom Inc,265.7,"22,180",-4.5,1.67,2025-04-02,21:58:19
Verizon Communications Inc,45.5,"1,672,269",0.12,0.26,2025-04-02,21:58:19
Visa Inc,344.5,"11,219",-1.85,0.53,2025-04-02,21:58:19
Walmart Inc,88.32,"400,959",-0.51,0.57,2025-04-02,21:58:19
Walt Disney Company The,96.78,"11,754",-0.9,0.92,2025-04-02,21:58:19
Nike Inc,55.89,"3,669,256",-9.07,13.96,2025-04-03,15:31:23
Coca-Cola Company The,71.68,"332,457",0.35,0.49,2025-04-03,15:31:23
Microsoft Corporation,370.38,"430,722",-11.76,3.08,2025-04-03,15:31:23
American Express Co,262.41,"13,234",-12.84,4.66,2025-04-03,15:31:23
Amgen Inc,308.75,"9,490",3.05,1.0,2025-04-03,15:31:23
Apple Inc,205.51,"3,729,480",-18.38,8.21,2025-04-03,15:31:23
Boeing Company The,160.2,"269,712",-8.36,4.96,2025-04-03,15:31:23
Cisco Systems Inc,59.8,"84,830",-1.61,2.62,2025-04-03,15:31:23
Goldman Sachs Group Inc The,530.0,"27,397",-33.1,5.88,2025-04-03,15:31:23
International Business Machines Corp,243.34,"24,585",-6.63,2.65,2025-04-03,15:31:23
Intel Corporation,21.48,"2,927,015",-0.5,2.27,2025-04-03,15:31:23
JPMorgan Chase & Co,234.8,"92,628",-11.02,4.48,2025-04-03,15:31:23
McDonald's Corp,308.0,"18,274",-3.58,1.15,2025-04-03,15:31:23
Salesforcecom Inc,259.19,"414,482",-12.35,4.55,2025-04-03,15:31:23
Verizon Communications Inc,44.88,"164,016",0.14,0.31,2025-04-03,15:31:23
Visa Inc,333.64,"38,994",-12.69,3.66,2025-04-03,15:31:23
Walmart Inc,84.8,"853,539",-4.96,5.53,2025-04-03,15:31:23
Walt Disney Company The,94.7,"46,588",-3.18,3.25,2025-04-03,15:31:23
Nike Inc,55.89,"3,669,256",-9.07,13.96,2025-04-03,17:58:15
Coca-Cola Company The,71.68,"332,457",0.35,0.49,2025-04-03,17:58:15
Microsoft Corporation,370.38,"430,722",-11.76,3.08,2025-04-03,17:58:15
American Express Co,262.41,"13,234",-12.84,4.66,2025-04-03,17:58:15
Amgen Inc,308.75,"9,490",3.05,1.0,2025-04-03,17:58:15
Apple Inc,205.51,"3,729,480",-18.38,8.21,2025-04-03,17:58:15
Boeing Company The,160.2,"269,712",-8.36,4.96,2025-04-03,17:58:15
Cisco Systems Inc,59.8,"84,830",-1.61,2.62,2025-04-03,17:58:15
Goldman Sachs Group Inc The,530.0,"27,397",-33.1,5.88,2025-04-03,17:58:15
International Business Machines Corp,243.34,"24,585",-6.63,2.65,2025-04-03,17:58:15
Intel Corporation,21.48,"2,927,015",-0.5,2.27,2025-04-03,17:58:15
JPMorgan Chase & Co,234.8,"92,628",-11.02,4.48,2025-04-03,17:58:15
McDonald's Corp,308.0,"18,274",-3.58,1.15,2025-04-03,17:58:15
Salesforcecom Inc,259.19,"414,482",-12.35,4.55,2025-04-03,17:58:15
Verizon Communications Inc,44.88,"164,016",0.14,0.31,2025-04-03,17:58:15
Visa Inc,333.64,"38,994",-12.69,3.66,2025-04-03,17:58:15
Walmart Inc,84.8,"853,539",-4.96,5.53,2025-04-03,17:58:15
Walt Disney Company The,94.7,"46,588",-3.18,3.25,2025-04-03,17:58:15
Nike Inc,55.89,"3,669,256",-9.07,13.96,2025-04-03,21:29:11
Coca-Cola Company The,71.68,"332,457",0.35,0.49,2025-04-03,21:29:11
Microsoft Corporation,370.38,"430,722",-11.76,3.08,2025-04-03,21:29:11
American Express Co,262.41,"13,234",-12.84,4.66,2025-04-03,21:29:11
Amgen Inc,308.75,"9,490",3.05,1.0,2025-04-03,21:29:11
Apple Inc,205.51,"3,729,480",-18.38,8.21,2025-04-03,21:29:11
Boeing Company The,160.2,"269,712",-8.36,4.96,2025-04-03,21:29:11
Cisco Systems Inc,59.8,"84,830",-1.61,2.62,2025-04-03,21:29:11
Goldman Sachs Group Inc The,530.0,"27,397",-33.1,5.88,2025-04-03,21:29:11
International Business Machines Corp,243.34,"24,585",-6.63,2.65,2025-04-03,21:29:11
Intel Corporation,21.48,"2,927,015",-0.5,2.27,2025-04-03,21:29:11
JPMorgan Chase & Co,234.8,"92,628",-11.02,4.48,2025-04-03,21:29:11
McDonald's Corp,308.0,"18,274",-3.58,1.15,2025-04-03,21:29:11
Salesforcecom Inc,259.19,"414,482",-12.35,4.55,2025-04-03,21:29:11
Verizon Communications Inc,44.88,"164,016",0.14,0.31,2025-04-03,21:29:11
Visa Inc,333.64,"38,994",-12.69,3.66,2025-04-03,21:29:11
Walmart Inc,84.8,"853,539",-4.96,5.53,2025-04-03,21:29:11
Walt Disney Company The,94.7,"46,588",-3.18,3.25,2025-04-03,21:29:11
Nike Inc,55.89,"3,669,256",-9.07,13.96,2025-04-03,21:58:30
Coca-Cola Company The,71.68,"332,457",0.35,0.49,2025-04-03,21:58:30
Microsoft Corporation,370.38,"430,722",-11.76,3.08,2025-04-03,21:58:30
American Express Co,262.41,"13,234",-12.84,4.66,2025-04-03,21:58:30
Amgen Inc,308.75,"9,490",3.05,1.0,2025-04-03,21:58:30
Apple Inc,205.51,"3,729,480",-18.38,8.21,2025-04-03,21:58:30
Boeing Company The,160.2,"269,712",-8.36,4.96,2025-04-03,21:58:30
Cisco Systems Inc,59.8,"84,830",-1.61,2.62,2025-04-03,21:58:30
Goldman Sachs Group Inc The,530.0,"27,397",-33.1,5.88,2025-04-03,21:58:30
International Business Machines Corp,243.34,"24,585",-6.63,2.65,2025-04-03,21:58:30
Intel Corporation,21.48,"2,927,015",-0.5,2.27,2025-04-03,21:58:30
JPMorgan Chase & Co,234.8,"92,628",-11.02,4.48,2025-04-03,21:58:30
McDonald's Corp,308.0,"18,274",-3.58,1.15,2025-04-03,21:58:30
Salesforcecom Inc,259.19,"414,482",-12.35,4.55,2025-04-03,21:58:30
Verizon Communications Inc,44.88,"164,016",0.14,0.31,2025-04-03,21:58:30
Visa Inc,333.64,"38,994",-12.69,3.66,2025-04-03,21:58:30
Walmart Inc,84.8,"853,539",-4.96,5.53,2025-04-03,21:58:30
Walt Disney Company The,94.7,"46,588",-3.18,3.25,2025-04-03,21:58:30
Nike Inc,52.85,"2,403,047",-2.73,4.91,2025-04-04,15:31:22
Coca-Cola Company The,71.99,"278,473",-1.19,1.63,2025-04-04,15:31:22
Microsoft Corporation,364.6,"1,122,644",-8.51,2.28,2025-04-04,15:31:22
American Express Co,237.51,"55,064",-9.49,3.84,2025-04-04,15:31:22
Amgen Inc,313.03,"18,294",3.18,1.03,2025-04-04,15:31:22
Apple Inc,194.43,"5,044,576",-8.76,4.31,2025-04-04,15:31:22
Boeing Company The,143.84,"661,073",-7.07,4.68,2025-04-04,15:31:22
Cisco Systems Inc,57.38,"209,817",0.07,0.12,2025-04-04,15:31:22
Goldman Sachs Group Inc The,488.0,"91,510",-23.23,4.54,2025-04-04,15:31:22
International Business Machines Corp,240.23,"49,703",-3.26,1.34,2025-04-04,15:31:22
Intel Corporation,21.4,"10,341,685",-1.03,4.59,2025-04-04,15:31:22
JPMorgan Chase & Co,217.6,"239,074",-9.69,4.26,2025-04-04,15:31:22
McDonald's Corp,309.9,"62,569",-8.37,2.63,2025-04-04,15:31:22
Salesforcecom Inc,244.59,"120,561",-10.64,4.17,2025-04-04,15:31:22
Verizon Communications Inc,44.72,"271,719",-0.9,1.97,2025-04-04,15:31:22
Visa Inc,328.83,"90,315",-10.56,3.11,2025-04-04,15:31:22
Walmart Inc,84.76,"380,042",-2.5,2.87,2025-04-04,15:31:22
Walt Disney Company The,86.2,"246,116",-2.64,2.97,2025-04-04,15:31:22
Nike Inc,52.85,"2,403,047",-2.73,4.91,2025-04-04,17:58:11
Coca-Cola Company The,71.99,"278,473",-1.19,1.63,2025-04-04,17:58:11
Microsoft Corporation,364.6,"1,122,644",-8.51,2.28,2025-04-04,17:58:11
American Express Co,237.51,"55,064",-9.49,3.84,2025-04-04,17:58:11
Amgen Inc,313.03,"18,294",3.18,1.03,2025-04-04,17:58:11
Apple Inc,194.43,"5,044,576",-8.76,4.31,2025-04-04,17:58:11
Boeing Company The,143.84,"661,073",-7.07,4.68,2025-04-04,17:58:11
Cisco Systems Inc,57.38,"209,817",0.07,0.12,2025-04-04,17:58:11
Goldman Sachs Group Inc The,488.0,"91,510",-23.23,4.54,2025-04-04,17:58:11
International Business Machines Corp,240.23,"49,703",-3.26,1.34,2025-04-04,17:58:11
Intel Corporation,21.4,"10,341,685",-1.03,4.59,2025-04-04,17:58:11
JPMorgan Chase & Co,217.6,"239,074",-9.69,4.26,2025-04-04,17:58:11
McDonald's Corp,309.9,"62,569",-8.37,2.63,2025-04-04,17:58:11
Salesforcecom Inc,244.59,"120,561",-10.64,4.17,2025-04-04,17:58:11
Verizon Communications Inc,44.72,"271,719",-0.9,1.97,2025-04-04,17:58:11
Visa Inc,328.83,"90,315",-10.56,3.11,2025-04-04,17:58:11
Walmart Inc,84.76,"380,042",-2.5,2.87,2025-04-04,17:58:11
Walt Disney Company The,86.2,"246,116",-2.64,2.97,2025-04-04,17:58:11
Nike Inc,52.85,"2,403,047",-2.73,4.91,2025-04-04,21:28:19
Coca-Cola Company The,71.99,"278,473",-1.19,1.63,2025-04-04,21:28:19
Microsoft Corporation,364.6,"1,122,644",-8.51,2.28,2025-04-04,21:28:19
American Express Co,237.51,"55,064",-9.49,3.84,2025-04-04,21:28:19
Amgen Inc,313.03,"18,294",3.18,1.03,2025-04-04,21:28:19
Apple Inc,194.43,"5,044,576",-8.76,4.31,2025-04-04,21:28:19
Boeing Company The,143.84,"661,073",-7.07,4.68,2025-04-04,21:28:19
Cisco Systems Inc,57.38,"209,817",0.07,0.12,2025-04-04,21:28:19
Goldman Sachs Group Inc The,488.0,"91,510",-23.23,4.54,2025-04-04,21:28:19
International Business Machines Corp,240.23,"49,703",-3.26,1.34,2025-04-04,21:28:19
Intel Corporation,21.4,"10,341,685",-1.03,4.59,2025-04-04,21:28:19
JPMorgan Chase & Co,217.6,"239,074",-9.69,4.26,2025-04-04,21:28:19
McDonald's Corp,309.9,"62,569",-8.37,2.63,2025-04-04,21:28:19
Salesforcecom Inc,244.59,"120,561",-10.64,4.17,2025-04-04,21:28:19
Verizon Communications Inc,44.72,"271,719",-0.9,1.97,2025-04-04,21:28:19
Visa Inc,328.83,"90,315",-10.56,3.11,2025-04-04,21:28:19
Walmart Inc,84.76,"380,042",-2.5,2.87,2025-04-04,21:28:19
Walt Disney Company The,86.2,"246,116",-2.64,2.97,2025-04-04,21:28:19
Nike Inc,52.85,"2,403,047",-2.73,4.91,2025-04-04,21:28:20
Coca-Cola Company The,71.99,"278,473",-1.19,1.63,2025-04-04,21:28:20
Microsoft Corporation,364.6,"1,122,644",-8.51,2.28,2025-04-04,21:28:20
American Express Co,237.51,"55,064",-9.49,3.84,2025-04-04,21:28:20
Amgen Inc,313.03,"18,294",3.18,1.03,2025-04-04,21:28:20
Apple Inc,194.43,"5,044,576",-8.76,4.31,2025-04-04,21:28:20
Boeing Company The,143.84,"661,073",-7.07,4.68,2025-04-04,21:28:20
Cisco Systems Inc,57.38,"209,817",0.07,0.12,2025-04-04,21:28:20
Goldman Sachs Group Inc The,488.0,"91,510",-23.23,4.54,2025-04-04,21:28:20
International Business Machines Corp,240.23,"49,703",-3.26,1.34,2025-04-04,21:28:20
Intel Corporation,21.4,"10,341,685",-1.03,4.59,2025-04-04,21:28:20
JPMorgan Chase & Co,217.6,"239,074",-9.69,4.26,2025-04-04,21:28:20
McDonald's Corp,309.9,"62,569",-8.37,2.63,2025-04-04,21:28:20
Salesforcecom Inc,244.59,"120,561",-10.64,4.17,2025-04-04,21:28:20
Verizon Communications Inc,44.72,"271,719",-0.9,1.97,2025-04-04,21:28:20
Visa Inc,328.83,"90,315",-10.56,3.11,2025-04-04,21:28:20
Walmart Inc,84.76,"380,042",-2.5,2.87,2025-04-04,21:28:20
Walt Disney Company The,86.2,"246,116",-2.64,2.97,2025-04-04,21:28:20
Nike Inc,52.85,"2,403,047",-2.73,4.91,2025-04-04,21:58:16
Coca-Cola Company The,71.99,"278,473",-1.19,1.63,2025-04-04,21:58:16
Microsoft Corporation,364.6,"1,122,644",-8.51,2.28,2025-04-04,21:58:16
American Express Co,237.51,"55,064",-9.49,3.84,2025-04-04,21:58:16
Amgen Inc,313.03,"18,294",3.18,1.03,2025-04-04,21:58:16
Apple Inc,194.43,"5,044,576",-8.76,4.31,2025-04-04,21:58:16
Boeing Company The,143.84,"661,073",-7.07,4.68,2025-04-04,21:58:16
Cisco Systems Inc,57.38,"209,817",0.07,0.12,2025-04-04,21:58:16
Goldman Sachs Group Inc The,488.0,"91,510",-23.23,4.54,2025-04-04,21:58:16
International Business Machines Corp,240.23,"49,703",-3.26,1.34,2025-04-04,21:58:16
Intel Corporation,21.4,"10,341,685",-1.03,4.59,2025-04-04,21:58:16
JPMorgan Chase & Co,217.6,"239,074",-9.69,4.26,2025-04-04,21:58:16
McDonald's Corp,309.9,"62,569",-8.37,2.63,2025-04-04,21:58:16
Salesforcecom Inc,244.59,"120,561",-10.64,4.17,2025-04-04,21:58:16
Verizon Communications Inc,44.72,"271,719",-0.9,1.97,2025-04-04,21:58:16
Visa Inc,328.83,"90,315",-10.56,3.11,2025-04-04,21:58:16
Walmart Inc,84.76,"380,042",-2.5,2.87,2025-04-04,21:58:16
Walt Disney Company The,86.2,"246,116",-2.64,2.97,2025-04-04,21:58:16
Nike Inc,52.85,"2,403,047",-2.73,4.91,2025-04-04,21:58:18
Coca-Cola Company The,71.99,"278,473",-1.19,1.63,2025-04-04,21:58:18
Microsoft Corporation,364.6,"1,122,644",-8.51,2.28,2025-04-04,21:58:18
American Express Co,237.51,"55,064",-9.49,3.84,2025-04-04,21:58:18
Amgen Inc,313.03,"18,294",3.18,1.03,2025-04-04,21:58:18
Apple Inc,194.43,"5,044,576",-8.76,4.31,2025-04-04,21:58:18
Boeing Company The,143.84,"661,073",-7.07,4.68,2025-04-04,21:58:18
Cisco Systems Inc,57.38,"209,817",0.07,0.12,2025-04-04,21:58:18
Goldman Sachs Group Inc The,488.0,"91,510",-23.23,4.54,2025-04-04,21:58:18
International Business Machines Corp,240.23,"49,703",-3.26,1.34,2025-04-04,21:58:18
Intel Corporation,21.4,"10,341,685",-1.03,4.59,2025-04-04,21:58:18
JPMorgan Chase & Co,217.6,"239,074",-9.69,4.26,2025-04-04,21:58:18
McDonald's Corp,309.9,"62,569",-8.37,2.63,2025-04-04,21:58:18
Salesforcecom Inc,244.59,"120,561",-10.64,4.17,2025-04-04,21:58:18
Verizon Communications Inc,44.72,"271,719",-0.9,1.97,2025-04-04,21:58:18
Visa Inc,328.83,"90,315",-10.56,3.11,2025-04-04,21:58:18
Walmart Inc,84.76,"380,042",-2.5,2.87,2025-04-04,21:58:18
Walt Disney Company The,86.2,"246,116",-2.64,2.97,2025-04-04,21:58:18
Nike Inc,55.48,"834,577",-1.77,3.09,2025-04-07,15:32:01
Coca-Cola Company The,67.05,"482,792",-2.88,4.12,2025-04-07,15:32:01
Microsoft Corporation,353.81,"1,179,576",-6.03,1.68,2025-04-07,15:32:01
American Express Co,226.03,"33,895",-7.65,3.27,2025-04-07,15:32:01
Amgen Inc,292.6,"18,061",-1.79,0.61,2025-04-07,15:32:01
Apple Inc,182.87,"4,630,027",-5.51,2.92,2025-04-07,15:32:01
Boeing Company The,132.52,"358,790",-4.07,2.98,2025-04-07,15:32:01
Cisco Systems Inc,53.49,"150,341",-1.05,1.93,2025-04-07,15:32:01
Goldman Sachs Group Inc The,452.0,"60,248",-18.81,4.0,2025-04-07,15:32:01
International Business Machines Corp,220.05,"72,924",-7.43,3.27,2025-04-07,15:32:01
Intel Corporation,19.25,"5,482,846",-0.6,3.02,2025-04-07,15:32:01
JPMorgan Chase & Co,202.46,"279,514",-7.82,3.72,2025-04-07,15:32:01
McDonald's Corp,293.59,"46,422",-6.52,2.17,2025-04-07,15:32:01
Salesforcecom Inc,232.93,"91,054",-7.83,3.25,2025-04-07,15:32:01
Verizon Communications Inc,41.24,"542,028",-1.79,4.16,2025-04-07,15:32:01
Visa Inc,302.0,"103,500",-11.13,3.55,2025-04-07,15:32:01
Walmart Inc,80.54,"548,812",-2.65,3.19,2025-04-07,15:32:01
Walt Disney Company The,81.36,"174,127",-2.17,2.6,2025-04-07,15:32:01
Nike Inc,55.48,"834,577",-1.77,3.09,2025-04-07,17:58:19
Coca-Cola Company The,67.05,"482,792",-2.88,4.12,2025-04-07,17:58:19
Microsoft Corporation,353.81,"1,179,576",-6.03,1.68,2025-04-07,17:58:19
American Express Co,226.03,"33,895",-7.65,3.27,2025-04-07,17:58:19
Amgen Inc,292.6,"18,061",-1.79,0.61,2025-04-07,17:58:19
Apple Inc,182.87,"4,630,027",-5.51,2.92,2025-04-07,17:58:19
Boeing Company The,132.52,"358,790",-4.07,2.98,2025-04-07,17:58:19
Cisco Systems Inc,53.49,"150,341",-1.05,1.93,2025-04-07,17:58:19
Goldman Sachs Group Inc The,452.0,"60,248",-18.81,4.0,2025-04-07,17:58:19
International Business Machines Corp,220.05,"72,924",-7.43,3.27,2025-04-07,17:58:19
Intel Corporation,19.25,"5,482,846",-0.6,3.02,2025-04-07,17:58:19
JPMorgan Chase & Co,202.46,"279,514",-7.82,3.72,2025-04-07,17:58:19
McDonald's Corp,293.59,"46,422",-6.52,2.17,2025-04-07,17:58:19
Salesforcecom Inc,232.93,"91,054",-7.83,3.25,2025-04-07,17:58:19
Verizon Communications Inc,41.24,"542,028",-1.79,4.16,2025-04-07,17:58:19
Visa Inc,302.0,"103,500",-11.13,3.55,2025-04-07,17:58:19
Walmart Inc,80.54,"548,812",-2.65,3.19,2025-04-07,17:58:19
Walt Disney Company The,81.36,"174,127",-2.17,2.6,2025-04-07,17:58:19
Nike Inc,55.48,"834,577",-1.77,3.09,2025-04-07,21:29:21
Coca-Cola Company The,67.05,"482,792",-2.88,4.12,2025-04-07,21:29:21
Microsoft Corporation,353.81,"1,179,576",-6.03,1.68,2025-04-07,21:29:21
American Express Co,226.03,"33,895",-7.65,3.27,2025-04-07,21:29:21
Amgen Inc,292.6,"18,061",-1.79,0.61,2025-04-07,21:29:21
Apple Inc,182.87,"4,630,027",-5.51,2.92,2025-04-07,21:29:21
Boeing Company The,132.52,"358,790",-4.07,2.98,2025-04-07,21:29:21
Cisco Systems Inc,53.49,"150,341",-1.05,1.93,2025-04-07,21:29:21
Goldman Sachs Group Inc The,452.0,"60,248",-18.81,4.0,2025-04-07,21:29:21
International Business Machines Corp,220.05,"72,924",-7.43,3.27,2025-04-07,21:29:21
Intel Corporation,19.25,"5,482,846",-0.6,3.02,2025-04-07,21:29:21
JPMorgan Chase & Co,202.46,"279,514",-7.82,3.72,2025-04-07,21:29:21
McDonald's Corp,293.59,"46,422",-6.52,2.17,2025-04-07,21:29:21
Salesforcecom Inc,232.93,"91,054",-7.83,3.25,2025-04-07,21:29:21
Verizon Communications Inc,41.24,"542,028",-1.79,4.16,2025-04-07,21:29:21
Visa Inc,302.0,"103,500",-11.13,3.55,2025-04-07,21:29:21
Walmart Inc,80.54,"548,812",-2.65,3.19,2025-04-07,21:29:21
Walt Disney Company The,81.36,"174,127",-2.17,2.6,2025-04-07,21:29:21
Nike Inc,55.48,"834,577",-1.77,3.09,2025-04-07,21:58:17
Coca-Cola Company The,67.05,"482,792",-2.88,4.12,2025-04-07,21:58:17
Microsoft Corporation,353.81,"1,179,576",-6.03,1.68,2025-04-07,21:58:17
American Express Co,226.03,"33,895",-7.65,3.27,2025-04-07,21:58:17
Amgen Inc,292.6,"18,061",-1.79,0.61,2025-04-07,21:58:17
Apple Inc,182.87,"4,630,027",-5.51,2.92,2025-04-07,21:58:17
Boeing Company The,132.52,"358,790",-4.07,2.98,2025-04-07,21:58:17
Cisco Systems Inc,53.49,"150,341",-1.05,1.93,2025-04-07,21:58:17
Goldman Sachs Group Inc The,452.0,"60,248",-18.81,4.0,2025-04-07,21:58:17
International Business Machines Corp,220.05,"72,924",-7.43,3.27,2025-04-07,21:58:17
Intel Corporation,19.25,"5,482,846",-0.6,3.02,2025-04-07,21:58:17
JPMorgan Chase & Co,202.46,"279,514",-7.82,3.72,2025-04-07,21:58:17
McDonald's Corp,293.59,"46,422",-6.52,2.17,2025-04-07,21:58:17
Salesforcecom Inc,232.93,"91,054",-7.83,3.25,2025-04-07,21:58:17
Verizon Communications Inc,41.24,"542,028",-1.79,4.16,2025-04-07,21:58:17
Visa Inc,302.0,"103,500",-11.13,3.55,2025-04-07,21:58:17
Walmart Inc,80.54,"548,812",-2.65,3.19,2025-04-07,21:58:17
Walt Disney Company The,81.36,"174,127",-2.17,2.6,2025-04-07,21:58:17
Nike Inc,58.41,"765,149",2.8,5.04,2025-04-08,15:31:18
Coca-Cola Company The,68.69,"90,595",0.32,0.47,2025-04-08,15:31:18
Microsoft Corporation,368.76,"839,978",10.9,3.05,2025-04-08,15:31:18
American Express Co,245.12,"23,492",10.84,4.63,2025-04-08,15:31:18
Amgen Inc,289.2,"7,890",-0.49,0.17,2025-04-08,15:31:18
Apple Inc,187.02,"1,938,297",5.56,3.06,2025-04-08,15:31:18
Boeing Company The,146.9,"294,453",8.04,5.79,2025-04-08,15:31:18
Cisco Systems Inc,54.85,"78,464",0.44,0.81,2025-04-08,15:31:18
Goldman Sachs Group Inc The,488.29,"40,061",22.78,4.89,2025-04-08,15:31:18
International Business Machines Corp,231.03,"18,773",5.25,2.33,2025-04-08,15:31:18
Intel Corporation,20.22,"2,800,687",0.65,3.32,2025-04-08,15:31:18
JPMorgan Chase & Co,222.54,"148,141",8.1,3.78,2025-04-08,15:31:18
McDonald's Corp,302.11,"8,292",2.22,0.74,2025-04-08,15:31:18
Salesforcecom Inc,253.48,"25,686",9.27,3.8,2025-04-08,15:31:18
Verizon Communications Inc,42.96,"136,975",0.38,0.89,2025-04-08,15:31:18
Visa Inc,320.46,"90,650",8.14,2.61,2025-04-08,15:31:18
Walmart Inc,86.04,"175,328",2.21,2.64,2025-04-08,15:31:18
Walt Disney Company The,85.7,"461,330",2.4,2.88,2025-04-08,15:31:18
Nike Inc,58.41,"765,149",2.8,5.04,2025-04-08,17:58:19
Coca-Cola Company The,68.69,"90,595",0.32,0.47,2025-04-08,17:58:19
Microsoft Corporation,368.76,"839,978",10.9,3.05,2025-04-08,17:58:19
American Express Co,245.12,"23,492",10.84,4.63,2025-04-08,17:58:19
Amgen Inc,289.2,"7,890",-0.49,0.17,2025-04-08,17:58:19
Apple Inc,187.02,"1,938,297",5.56,3.06,2025-04-08,17:58:19
Boeing Company The,146.9,"294,453",8.04,5.79,2025-04-08,17:58:19
Cisco Systems Inc,54.85,"78,464",0.44,0.81,2025-04-08,17:58:19
Goldman Sachs Group Inc The,488.29,"40,061",22.78,4.89,2025-04-08,17:58:19
International Business Machines Corp,231.03,"18,773",5.25,2.33,2025-04-08,17:58:19
Intel Corporation,20.22,"2,800,687",0.65,3.32,2025-04-08,17:58:19
JPMorgan Chase & Co,222.54,"148,141",8.1,3.78,2025-04-08,17:58:19
McDonald's Corp,302.11,"8,292",2.22,0.74,2025-04-08,17:58:19
Salesforcecom Inc,253.48,"25,686",9.27,3.8,2025-04-08,17:58:19
Verizon Communications Inc,42.96,"136,975",0.38,0.89,2025-04-08,17:58:19
Visa Inc,320.46,"90,650",8.14,2.61,2025-04-08,17:58:19
Walmart Inc,86.04,"175,328",2.21,2.64,2025-04-08,17:58:19
Walt Disney Company The,85.7,"461,330",2.4,2.88,2025-04-08,17:58:19
Nike Inc,58.41,"765,149",2.8,5.04,2025-04-08,21:28:21
Coca-Cola Company The,68.69,"90,595",0.32,0.47,2025-04-08,21:28:21
Microsoft Corporation,368.76,"839,978",10.9,3.05,2025-04-08,21:28:21
American Express Co,245.12,"23,492",10.84,4.63,2025-04-08,21:28:21
Amgen Inc,289.2,"7,890",-0.49,0.17,2025-04-08,21:28:21
Apple Inc,187.02,"1,938,297",5.56,3.06,2025-04-08,21:28:21
Boeing Company The,146.9,"294,453",8.04,5.79,2025-04-08,21:28:21
Cisco Systems Inc,54.85,"78,464",0.44,0.81,2025-04-08,21:28:21
Goldman Sachs Group Inc The,488.29,"40,061",22.78,4.89,2025-04-08,21:28:21
International Business Machines Corp,231.03,"18,773",5.25,2.33,2025-04-08,21:28:21
Intel Corporation,20.22,"2,800,687",0.65,3.32,2025-04-08,21:28:21
JPMorgan Chase & Co,222.54,"148,141",8.1,3.78,2025-04-08,21:28:21
McDonald's Corp,302.11,"8,292",2.22,0.74,2025-04-08,21:28:21
Salesforcecom Inc,253.48,"25,686",9.27,3.8,2025-04-08,21:28:21
Verizon Communications Inc,42.96,"136,975",0.38,0.89,2025-04-08,21:28:21
Visa Inc,320.46,"90,650",8.14,2.61,2025-04-08,21:28:21
Walmart Inc,86.04,"175,328",2.21,2.64,2025-04-08,21:28:21
Walt Disney Company The,85.7,"461,330",2.4,2.88,2025-04-08,21:28:21
Nike Inc,58.41,"765,149",2.8,5.04,2025-04-08,21:58:15
Coca-Cola Company The,68.69,"90,595",0.32,0.47,2025-04-08,21:58:15
Microsoft Corporation,368.76,"839,978",10.9,3.05,2025-04-08,21:58:15
American Express Co,245.12,"23,492",10.84,4.63,2025-04-08,21:58:15
Amgen Inc,289.2,"7,890",-0.49,0.17,2025-04-08,21:58:15
Apple Inc,187.02,"1,938,297",5.56,3.06,2025-04-08,21:58:15
Boeing Company The,146.9,"294,453",8.04,5.79,2025-04-08,21:58:15
Cisco Systems Inc,54.85,"78,464",0.44,0.81,2025-04-08,21:58:15
Goldman Sachs Group Inc The,488.29,"40,061",22.78,4.89,2025-04-08,21:58:15
International Business Machines Corp,231.03,"18,773",5.25,2.33,2025-04-08,21:58:15
Intel Corporation,20.22,"2,800,687",0.65,3.32,2025-04-08,21:58:15
JPMorgan Chase & Co,222.54,"148,141",8.1,3.78,2025-04-08,21:58:15
McDonald's Corp,302.11,"8,292",2.22,0.74,2025-04-08,21:58:15
Salesforcecom Inc,253.48,"25,686",9.27,3.8,2025-04-08,21:58:15
Verizon Communications Inc,42.96,"136,975",0.38,0.89,2025-04-08,21:58:15
Visa Inc,320.46,"90,650",8.14,2.61,2025-04-08,21:58:15
Walmart Inc,86.04,"175,328",2.21,2.64,2025-04-08,21:58:15
Walt Disney Company The,85.7,"461,330",2.4,2.88,2025-04-08,21:58:15
Nike Inc,53.3,"650,803",0.03,0.06,2025-04-09,15:31:19
Coca-Cola Company The,67.92,"74,757",-0.5,0.73,2025-04-09,15:31:19
Microsoft Corporation,354.26,"523,299",-0.3,0.08,2025-04-09,15:31:19
American Express Co,229.04,"20,634",-2.35,1.02,2025-04-09,15:31:19
Amgen Inc,267.6,"16,927",-12.66,4.52,2025-04-09,15:31:19
Apple Inc,173.2,"5,305,402",0.78,0.45,2025-04-09,15:31:19
Boeing Company The,138.5,"194,890",-0.89,0.64,2025-04-09,15:31:19
Cisco Systems Inc,52.98,"134,976",-0.21,0.39,2025-04-09,15:31:19
Goldman Sachs Group Inc The,455.23,"42,276",-6.99,1.51,2025-04-09,15:31:19
International Business Machines Corp,220.0,"27,915",-1.03,0.47,2025-04-09,15:31:19
Intel Corporation,18.06,"5,297,999",-0.07,0.39,2025-04-09,15:31:19
JPMorgan Chase & Co,215.25,"130,456",-1.62,0.75,2025-04-09,15:31:19
McDonald's Corp,297.9,"10,499",-1.93,0.64,2025-04-09,15:31:19
Salesforcecom Inc,243.07,"35,995",-0.92,0.38,2025-04-09,15:31:19
Verizon Communications Inc,41.57,"283,957",-0.6,1.42,2025-04-09,15:31:19
Visa Inc,306.4,"28,349",-1.87,0.61,2025-04-09,15:31:19
Walmart Inc,81.45,"666,946",-0.34,0.42,2025-04-09,15:31:19
Walt Disney Company The,81.11,"87,991",-0.61,0.75,2025-04-09,15:31:19
Nike Inc,53.3,"650,803",0.03,0.06,2025-04-09,17:58:23
Coca-Cola Company The,67.92,"74,757",-0.5,0.73,2025-04-09,17:58:23
Microsoft Corporation,354.26,"523,299",-0.3,0.08,2025-04-09,17:58:23
American Express Co,229.04,"20,634",-2.35,1.02,2025-04-09,17:58:23
Amgen Inc,267.6,"16,927",-12.66,4.52,2025-04-09,17:58:23
Apple Inc,173.2,"5,305,402",0.78,0.45,2025-04-09,17:58:23
Boeing Company The,138.5,"194,890",-0.89,0.64,2025-04-09,17:58:23
Cisco Systems Inc,52.98,"134,976",-0.21,0.39,2025-04-09,17:58:23
Goldman Sachs Group Inc The,455.23,"42,276",-6.99,1.51,2025-04-09,17:58:23
International Business Machines Corp,220.0,"27,915",-1.03,0.47,2025-04-09,17:58:23
Intel Corporation,18.06,"5,297,999",-0.07,0.39,2025-04-09,17:58:23
JPMorgan Chase & Co,215.25,"130,456",-1.62,0.75,2025-04-09,17:58:23
McDonald's Corp,297.9,"10,499",-1.93,0.64,2025-04-09,17:58:23
Salesforcecom Inc,243.07,"35,995",-0.92,0.38,2025-04-09,17:58:23
Verizon Communications Inc,41.57,"283,957",-0.6,1.42,2025-04-09,17:58:23
Visa Inc,306.4,"28,349",-1.87,0.61,2025-04-09,17:58:23
Walmart Inc,81.45,"666,946",-0.34,0.42,2025-04-09,17:58:23
Walt Disney Company The,81.11,"87,991",-0.61,0.75,2025-04-09,17:58:23
Nike Inc,53.3,"650,803",0.03,0.06,2025-04-09,21:29:17
Coca-Cola Company The,67.92,"74,757",-0.5,0.73,2025-04-09,21:29:17
Microsoft Corporation,354.26,"523,299",-0.3,0.08,2025-04-09,21:29:17
American Express Co,229.04,"20,634",-2.35,1.02,2025-04-09,21:29:17
Amgen Inc,267.6,"16,927",-12.66,4.52,2025-04-09,21:29:17
Apple Inc,173.2,"5,305,402",0.78,0.45,2025-04-09,21:29:17
Boeing Company The,138.5,"194,890",-0.89,0.64,2025-04-09,21:29:17
Cisco Systems Inc,52.98,"134,976",-0.21,0.39,2025-04-09,21:29:17
Goldman Sachs Group Inc The,455.23,"42,276",-6.99,1.51,2025-04-09,21:29:17
International Business Machines Corp,220.0,"27,915",-1.03,0.47,2025-04-09,21:29:17
Intel Corporation,18.06,"5,297,999",-0.07,0.39,2025-04-09,21:29:17
JPMorgan Chase & Co,215.25,"130,456",-1.62,0.75,2025-04-09,21:29:17
McDonald's Corp,297.9,"10,499",-1.93,0.64,2025-04-09,21:29:17
Salesforcecom Inc,243.07,"35,995",-0.92,0.38,2025-04-09,21:29:17
Verizon Communications Inc,41.57,"283,957",-0.6,1.42,2025-04-09,21:29:17
Visa Inc,306.4,"28,349",-1.87,0.61,2025-04-09,21:29:17
Walmart Inc,81.45,"666,946",-0.34,0.42,2025-04-09,21:29:17
Walt Disney Company The,81.11,"87,991",-0.61,0.75,2025-04-09,21:29:17
Nike Inc,53.3,"650,803",0.03,0.06,2025-04-09,21:58:20
Coca-Cola Company The,67.92,"74,757",-0.5,0.73,2025-04-09,21:58:20
Microsoft Corporation,354.26,"523,299",-0.3,0.08,2025-04-09,21:58:20
American Express Co,229.04,"20,634",-2.35,1.02,2025-04-09,21:58:20
Amgen Inc,267.6,"16,927",-12.66,4.52,2025-04-09,21:58:20
Apple Inc,173.2,"5,305,402",0.78,0.45,2025-04-09,21:58:20
Boeing Company The,138.5,"194,890",-0.89,0.64,2025-04-09,21:58:20
Cisco Systems Inc,52.98,"134,976",-0.21,0.39,2025-04-09,21:58:20
Goldman Sachs Group Inc The,455.23,"42,276",-6.99,1.51,2025-04-09,21:58:20
International Business Machines Corp,220.0,"27,915",-1.03,0.47,2025-04-09,21:58:20
Intel Corporation,18.06,"5,297,999",-0.07,0.39,2025-04-09,21:58:20
JPMorgan Chase & Co,215.25,"130,456",-1.62,0.75,2025-04-09,21:58:20
McDonald's Corp,297.9,"10,499",-1.93,0.64,2025-04-09,21:58:20
Salesforcecom Inc,243.07,"35,995",-0.92,0.38,2025-04-09,21:58:20
Verizon Communications Inc,41.57,"283,957",-0.6,1.42,2025-04-09,21:58:20
Visa Inc,306.4,"28,349",-1.87,0.61,2025-04-09,21:58:20
Walmart Inc,81.45,"666,946",-0.34,0.42,2025-04-09,21:58:20
Walt Disney Company The,81.11,"87,991",-0.61,0.75,2025-04-09,21:58:20
